number,trials.thisRepN,trials.thisTrialN,trials.thisN,trials.thisIndex,key_resp_2.keys,key_resp_2.rt,date,frameRate,expName,session,participant,
4,0,0,0,3,space,2.96845207387,2014_Sep_16_2239,50.4338706245,NBackTask,001,1,
5,0,1,1,4,space,1.38395418285,2014_Sep_16_2239,50.4338706245,NBackTask,001,1,
1,0,2,2,0,space,0.516677614592,2014_Sep_16_2239,50.4338706245,NBackTask,001,1,
3,0,3,3,2,space,0.514452623669,2014_Sep_16_2239,50.4338706245,NBackTask,001,1,
6,0,4,4,5,space,0.51540134626,2014_Sep_16_2239,50.4338706245,NBackTask,001,1,
2,0,5,5,1,space,0.505474566569,2014_Sep_16_2239,50.4338706245,NBackTask,001,1,
