number,trials.thisRepN,trials.thisTrialN,trials.thisN,trials.thisIndex,date,frameRate,expName,session,participant,
3,0,0,0,2,2014_Jul_14_2316,60.0186024149,NBackTask,001,,
7,0,1,1,6,2014_Jul_14_2316,60.0186024149,NBackTask,001,,
9,0,2,2,8,2014_Jul_14_2316,60.0186024149,NBackTask,001,,
4,0,3,3,3,2014_Jul_14_2316,60.0186024149,NBackTask,001,,
6,0,4,4,5,2014_Jul_14_2316,60.0186024149,NBackTask,001,,
8,0,5,5,7,2014_Jul_14_2316,60.0186024149,NBackTask,001,,
1,0,6,6,0,2014_Jul_14_2316,60.0186024149,NBackTask,001,,
